Tue Oct 18,Time,Location
Philadelphia @ Boston,7:30 PM,TD Garden
LA Lakers @ Golden State,10:00 PM,Chase Center
Wed Oct 19,Time,Location
Orlando @ Detroit,7:00 PM,Little Caesars Arena
Washington @ Indiana,7:00 PM,Gainbridge Fieldhouse
Houston @ Atlanta,7:30 PM,State Farm Arena
New Orleans @ Brooklyn,7:30 PM,Barclays Center
Chicago @ Miami,7:30 PM,FTX Arena
Cleveland @ Toronto,7:30 PM,Scotiabank Arena
New York @ Memphis,7:30 PM,FedExForum
Okla City @ Minnesota,8:00 PM,Target Center
Charlotte @ San Antonio,8:00 PM,AT&T Center
Denver @ Utah,9:00 PM,Vivint Arena
Dallas @ Phoenix,10:00 PM,Footprint Center
Portland @ Sacramento,10:00 PM,Golden 1 Center
Thu Oct 20,Time,Location
Milwaukee @ Philadelphia,7:30 PM,Wells Fargo Center
LA Clippers @ LA Lakers,10:00 PM,Crypto.com Arena
Fri Oct 21,Time,Location
New Orleans @ Charlotte,7:00 PM,Spectrum Center
San Antonio @ Indiana,7:00 PM,Gainbridge Fieldhouse
Chicago @ Washington,7:00 PM,Capital One Arena
Orlando @ Atlanta,7:30 PM,State Farm Arena
Toronto @ Brooklyn,7:30 PM,Barclays Center
Boston @ Miami,7:30 PM,FTX Arena
Detroit @ New York,7:30 PM,Madison Square Garden
Memphis @ Houston,8:00 PM,Toyota Center
Utah @ Minnesota,8:00 PM,Target Center
Denver @ Golden State,10:00 PM,Chase Center
Phoenix @ Portland,10:00 PM,Moda Center
Sat Oct 22,Time,Location
San Antonio @ Philadelphia,6:00 PM,Wells Fargo Center
Detroit @ Indiana,7:00 PM,Gainbridge Fieldhouse
Boston @ Orlando,7:00 PM,Amway Center
Toronto @ Miami,8:00 PM,FTX Arena
Cleveland @ Chicago,8:00 PM,United Center
Houston @ Milwaukee,8:00 PM,Fiserv Forum
Memphis @ Dallas,8:30 PM,American Airlines Center
Okla City @ Denver,9:00 PM,Ball Arena
LA Clippers @ Sacramento,10:00 PM,Golden 1 Center
Sun Oct 23,Time,Location
Portland @ LA Lakers,3:30 PM,Crypto.com Arena
Charlotte @ Atlanta,5:00 PM,State Farm Arena
Washington @ Cleveland,7:00 PM,Rocket Mortgage FieldHouse
Utah @ New Orleans,7:00 PM,Smoothie King Center
Minnesota @ Okla City,8:00 PM,Paycom Center
Sacramento @ Golden State,8:30 PM,Chase Center
Phoenix @ LA Clippers,10:00 PM,Crypto.com Arena
Mon Oct 24,Time,Location
Indiana @ Philadelphia,7:00 PM,Wells Fargo Center
Toronto @ Miami,7:30 PM,FTX Arena
Orlando @ New York,7:30 PM,Madison Square Garden
Boston @ Chicago,8:00 PM,United Center
Utah @ Houston,8:00 PM,Toyota Center
Brooklyn @ Memphis,8:00 PM,FedExForum
San Antonio @ Minnesota,8:00 PM,Target Center
Denver @ Portland,10:00 PM,Moda Center
Tue Oct 25,Time,Location
Detroit @ Washington,7:00 PM,Capital One Arena
Dallas @ New Orleans,7:30 PM,Smoothie King Center
LA Clippers @ Okla City,8:00 PM,Paycom Center
Golden State @ Phoenix,10:00 PM,Footprint Center
Wed Oct 26,Time,Location
Orlando @ Cleveland,7:00 PM,Rocket Mortgage FieldHouse
Atlanta @ Detroit,7:00 PM,Little Caesars Arena
Charlotte @ New York,7:30 PM,Madison Square Garden
Philadelphia @ Toronto,7:30 PM,Scotiabank Arena
Brooklyn @ Milwaukee,7:30 PM,Fiserv Forum
Indiana @ Chicago,8:00 PM,United Center
San Antonio @ Minnesota,8:00 PM,Target Center
Houston @ Utah,9:00 PM,Vivint Arena
LA Lakers @ Denver,10:00 PM,Ball Arena
Miami @ Portland,10:00 PM,Moda Center
Thu Oct 27,Time,Location
Dallas @ Brooklyn,7:30 PM,Barclays Center
LA Clippers @ Okla City,8:00 PM,Paycom Center
Miami @ Golden State,10:00 PM,Chase Center
Memphis @ Sacramento,10:00 PM,Golden 1 Center
Fri Oct 28,Time,Location
Atlanta @ Detroit,7:00 PM,Little Caesars Arena
Charlotte @ Orlando,7:00 PM,Amway Center
Cleveland @ Boston,7:30 PM,TD Garden
Philadelphia @ Toronto,7:30 PM,Scotiabank Arena
Indiana @ Washington,7:30 PM,Capital One Arena
New York @ Milwaukee,8:00 PM,Fiserv Forum
LA Lakers @ Minnesota,8:00 PM,Target Center
Chicago @ San Antonio,8:30 PM,AT&T Center
Utah @ Denver,9:00 PM,Ball Arena
New Orleans @ Phoenix,10:00 PM,Footprint Center
Houston @ Portland,10:00 PM,Moda Center
Sat Oct 29,Time,Location
Miami @ Sacramento,6:00 PM,Golden 1 Center
Golden State @ Charlotte,7:00 PM,Spectrum Center
Indiana @ Brooklyn,7:30 PM,Barclays Center
Philadelphia @ Chicago,8:00 PM,United Center
Atlanta @ Milwaukee,8:00 PM,Fiserv Forum
Okla City @ Dallas,9:00 PM,American Airlines Center
Memphis @ Utah,9:00 PM,Vivint Arena
Sun Oct 30,Time,Location
New Orleans @ LA Clippers,3:00 PM,Crypto.com Arena
Washington @ Boston,6:00 PM,TD Garden
New York @ Cleveland,6:00 PM,Rocket Mortgage FieldHouse
Golden State @ Detroit,6:00 PM,Little Caesars Arena
Minnesota @ San Antonio,7:00 PM,AT&T Center
Orlando @ Dallas,7:30 PM,American Airlines Center
Houston @ Phoenix,9:00 PM,Footprint Center
Denver @ LA Lakers,9:30 PM,Crypto.com Arena
Mon Oct 31,Time,Location
Sacramento @ Charlotte,7:00 PM,Spectrum Center
Philadelphia @ Washington,7:00 PM,Capital One Arena
Indiana @ Brooklyn,7:30 PM,Barclays Center
Atlanta @ Toronto,7:30 PM,Scotiabank Arena
Detroit @ Milwaukee,8:00 PM,Fiserv Forum
Memphis @ Utah,9:00 PM,Vivint Arena
Houston @ LA Clippers,10:30 PM,Crypto.com Arena
Tue Nov 1,Time,Location
Chicago @ Brooklyn,7:30 PM,Barclays Center
Golden State @ Miami,7:30 PM,FTX Arena
Orlando @ Okla City,8:00 PM,Paycom Center
Minnesota @ Phoenix,10:00 PM,Footprint Center
Wed Nov 2,Time,Location
Washington @ Philadelphia,6:00 PM,Wells Fargo Center
Boston @ Cleveland,7:30 PM,Rocket Mortgage FieldHouse
Sacramento @ Miami,7:30 PM,FTX Arena
Atlanta @ New York,7:30 PM,Madison Square Garden
Charlotte @ Chicago,8:00 PM,United Center
Toronto @ San Antonio,8:00 PM,AT&T Center
LA Clippers @ Houston,8:00 PM,Toyota Center
Detroit @ Milwaukee,8:00 PM,Fiserv Forum
Utah @ Dallas,8:30 PM,American Airlines Center
Memphis @ Portland,10:00 PM,Moda Center
New Orleans @ LA Lakers,10:30 PM,Crypto.com Arena
Thu Nov 3,Time,Location
Golden State @ Orlando,7:00 PM,Amway Center
Denver @ Okla City,8:00 PM,Paycom Center
Fri Nov 4,Time,Location
New York @ Philadelphia,7:00 PM,Wells Fargo Center
Brooklyn @ Washington,7:00 PM,Capital One Arena
Miami @ Indiana,7:00 PM,Gainbridge Fieldhouse
Cleveland @ Detroit,7:00 PM,Little Caesars Arena
Chicago @ Boston,7:30 PM,TD Garden
Charlotte @ Memphis,8:00 PM,FedExForum
LA Clippers @ San Antonio,8:00 PM,AT&T Center
Toronto @ Dallas,8:30 PM,American Airlines Center
Golden State @ New Orleans,8:30 PM,Smoothie King Center
Milwaukee @ Minnesota,10:00 PM,Target Center
Portland @ Phoenix,10:00 PM,Footprint Center
Utah @ LA Lakers,10:30 PM,Crypto.com Arena
Sat Nov 5,Time,Location
Sacramento @ Orlando,5:00 PM,Amway Center
Brooklyn @ Charlotte,7:00 PM,Spectrum Center
New Orleans @ Atlanta,7:30 PM,State Farm Arena
Boston @ New York,7:30 PM,Madison Square Garden
Okla City @ Milwaukee,8:00 PM,Fiserv Forum
Houston @ Minnesota,8:00 PM,Target Center
San Antonio @ Denver,9:00 PM,Ball Arena
Portland @ Phoenix,10:00 PM,Footprint Center
Sun Nov 6,Time,Location
Cleveland @ LA Lakers,3:30 PM,Crypto.com Arena
Chicago @ Toronto,6:00 PM,Scotiabank Arena
Washington @ Memphis,6:00 PM,FedExForum
Utah @ LA Clippers,10:00 PM,Crypto.com Arena
Mon Nov 7,Time,Location
Washington @ Charlotte,7:00 PM,Spectrum Center
Houston @ Orlando,7:15 PM,Amway Center
Okla City @ Detroit,7:30 PM,Little Caesars Arena
New Orleans @ Indiana,7:45 PM,Gainbridge Fieldhouse
Phoenix @ Philadelphia,8:00 PM,Wells Fargo Center
Milwaukee @ Atlanta,8:15 PM,State Farm Arena
Portland @ Miami,8:30 PM,FTX Arena
Toronto @ Chicago,8:45 PM,United Center
Boston @ Memphis,9:00 PM,FedExForum
New York @ Minnesota,9:15 PM,Target Center
Denver @ San Antonio,9:30 PM,AT&T Center
Brooklyn @ Dallas,9:45 PM,American Airlines Center
Sacramento @ Golden State,10:00 PM,Chase Center
LA Lakers @ Utah,10:15 PM,Vivint Arena
Cleveland @ LA Clippers,10:30 PM,Crypto.com Arena
Wed Nov 9,Time,Location
Dallas @ Orlando,5:30 PM,Amway Center
Denver @ Indiana,7:00 PM,Gainbridge Fieldhouse
Portland @ Charlotte,7:00 PM,Spectrum Center
Utah @ Atlanta,7:30 PM,State Farm Arena
Houston @ Toronto,7:30 PM,Scotiabank Arena
New York @ Brooklyn,7:30 PM,Barclays Center
Detroit @ Boston,7:30 PM,TD Garden
New Orleans @ Chicago,8:00 PM,United Center
Memphis @ San Antonio,8:00 PM,AT&T Center
Milwaukee @ Okla City,8:00 PM,Paycom Center
Phoenix @ Minnesota,8:00 PM,Target Center
LA Lakers @ LA Clippers,10:00 PM,Crypto.com Arena
Cleveland @ Sacramento,10:00 PM,Golden 1 Center
Thu Nov 10,Time,Location
Dallas @ Washington,7:00 PM,Capital One Arena
Charlotte @ Miami,7:30 PM,FTX Arena
Philadelphia @ Atlanta,7:30 PM,State Farm Arena
Portland @ New Orleans,8:00 PM,Smoothie King Center
Fri Nov 11,Time,Location
Denver @ Boston,7:00 PM,TD Garden
Phoenix @ Orlando,7:00 PM,Amway Center
Detroit @ New York,7:30 PM,Madison Square Garden
Toronto @ Okla City,8:00 PM,Paycom Center
Milwaukee @ San Antonio,8:00 PM,AT&T Center
Minnesota @ Memphis,9:30 PM,FedExForum
Cleveland @ Golden State,10:00 PM,Chase Center
Sacramento @ LA Lakers,10:30 PM,Crypto.com Arena
Sat Nov 12,Time,Location
Brooklyn @ LA Clippers,4:00 PM,Crypto.com Arena
Utah @ Washington,6:00 PM,Capital One Arena
Toronto @ Indiana,7:00 PM,Gainbridge Fieldhouse
Boston @ Detroit,7:00 PM,Little Caesars Arena
Atlanta @ Philadelphia,7:30 PM,Wells Fargo Center
Charlotte @ Miami,8:00 PM,FTX Arena
Houston @ New Orleans,8:30 PM,Smoothie King Center
Portland @ Dallas,8:30 PM,American Airlines Center
Sun Nov 13,Time,Location
Okla City @ New York,12:00 PM,Madison Square Garden
Minnesota @ Cleveland,6:00 PM,Rocket Mortgage FieldHouse
Memphis @ Washington,6:00 PM,Capital One Arena
Utah @ Philadelphia,7:30 PM,Wells Fargo Center
Denver @ Chicago,8:00 PM,United Center
Golden State @ Sacramento,9:00 PM,Golden 1 Center
Brooklyn @ LA Lakers,9:30 PM,Crypto.com Arena
Mon Nov 14,Time,Location
Charlotte @ Orlando,7:00 PM,Amway Center
Toronto @ Detroit,7:00 PM,Little Caesars Arena
Okla City @ Boston,7:30 PM,TD Garden
Phoenix @ Miami,7:30 PM,FTX Arena
LA Clippers @ Houston,8:00 PM,Toyota Center
Atlanta @ Milwaukee,8:00 PM,Fiserv Forum
San Antonio @ Golden State,10:00 PM,Chase Center
Tue Nov 15,Time,Location
Memphis @ New Orleans,7:30 PM,Smoothie King Center
LA Clippers @ Dallas,8:30 PM,American Airlines Center
New York @ Utah,9:00 PM,Vivint Arena
San Antonio @ Portland,10:00 PM,Moda Center
Brooklyn @ Sacramento,10:00 PM,Golden 1 Center
Wed Nov 16,Time,Location
Indiana @ Charlotte,7:00 PM,Spectrum Center
Minnesota @ Orlando,7:00 PM,Amway Center
Okla City @ Washington,7:00 PM,Capital One Arena
Boston @ Atlanta,7:30 PM,State Farm Arena
Miami @ Toronto,7:30 PM,Scotiabank Arena
Cleveland @ Milwaukee,8:00 PM,Fiserv Forum
Chicago @ New Orleans,8:00 PM,Smoothie King Center
Houston @ Dallas,8:30 PM,American Airlines Center
New York @ Denver,10:00 PM,Ball Arena
Golden State @ Phoenix,10:00 PM,Footprint Center
Thu Nov 17,Time,Location
Brooklyn @ Portland,10:00 PM,Moda Center
San Antonio @ Sacramento,10:00 PM,Golden 1 Center
Detroit @ LA Clippers,10:30 PM,Crypto.com Arena
Fri Nov 18,Time,Location
Miami @ Washington,7:00 PM,Capital One Arena
Charlotte @ Cleveland,7:30 PM,Rocket Mortgage FieldHouse
Milwaukee @ Philadelphia,7:30 PM,Wells Fargo Center
Orlando @ Chicago,8:00 PM,United Center
Indiana @ Houston,8:00 PM,Toyota Center
Okla City @ Memphis,8:00 PM,FedExForum
Denver @ Dallas,8:30 PM,American Airlines Center
Boston @ New Orleans,8:30 PM,Smoothie King Center
Phoenix @ Utah,9:00 PM,Vivint Arena
New York @ Golden State,10:00 PM,Chase Center
Detroit @ LA Lakers,10:30 PM,Crypto.com Arena
Sat Nov 19,Time,Location
Toronto @ Atlanta,6:00 PM,State Farm Arena
Orlando @ Indiana,7:00 PM,Gainbridge Fieldhouse
Minnesota @ Philadelphia,7:30 PM,Wells Fargo Center
Utah @ Portland,10:00 PM,Moda Center
San Antonio @ LA Clippers,10:30 PM,Crypto.com Arena
Sun Nov 20,Time,Location
New York @ Phoenix,3:30 PM,Footprint Center
Charlotte @ Washington,6:00 PM,Capital One Arena
Detroit @ Sacramento,6:00 PM,Golden 1 Center
Memphis @ Brooklyn,7:00 PM,Barclays Center
Miami @ Cleveland,7:00 PM,Rocket Mortgage FieldHouse
Golden State @ Houston,7:00 PM,Toyota Center
Denver @ Dallas,7:30 PM,American Airlines Center
San Antonio @ LA Lakers,9:30 PM,Crypto.com Arena
Mon Nov 21,Time,Location
Atlanta @ Cleveland,7:00 PM,Rocket Mortgage FieldHouse
Orlando @ Indiana,7:00 PM,Gainbridge Fieldhouse
Boston @ Chicago,8:00 PM,United Center
Portland @ Milwaukee,8:00 PM,Fiserv Forum
Miami @ Minnesota,8:00 PM,Target Center
Golden State @ New Orleans,8:00 PM,Smoothie King Center
New York @ Okla City,8:00 PM,Paycom Center
Utah @ LA Clippers,10:30 PM,Crypto.com Arena
Tue Nov 22,Time,Location
Brooklyn @ Philadelphia,7:30 PM,Wells Fargo Center
Sacramento @ Memphis,8:00 PM,FedExForum
Detroit @ Denver,9:00 PM,Ball Arena
LA Lakers @ Phoenix,10:00 PM,Footprint Center
Wed Nov 23,Time,Location
Philadelphia @ Charlotte,7:00 PM,Spectrum Center
Portland @ Cleveland,7:00 PM,Rocket Mortgage FieldHouse
Minnesota @ Indiana,7:00 PM,Gainbridge Fieldhouse
Sacramento @ Atlanta,7:30 PM,State Farm Arena
Dallas @ Boston,7:30 PM,TD Garden
Washington @ Miami,7:30 PM,FTX Arena
Brooklyn @ Toronto,7:30 PM,Scotiabank Arena
Chicago @ Milwaukee,8:00 PM,Fiserv Forum
Denver @ Okla City,8:00 PM,Paycom Center
New Orleans @ San Antonio,8:00 PM,AT&T Center
Detroit @ Utah,9:00 PM,Vivint Arena
LA Clippers @ Golden State,10:00 PM,Chase Center
Fri Nov 25,Time,Location
Minnesota @ Charlotte,5:00 PM,Spectrum Center
Philadelphia @ Orlando,7:00 PM,Amway Center
Portland @ New York,7:30 PM,Madison Square Garden
Sacramento @ Boston,8:00 PM,TD Garden
LA Lakers @ San Antonio,8:00 PM,AT&T Center
Chicago @ Okla City,8:00 PM,Paycom Center
Cleveland @ Milwaukee,8:00 PM,Fiserv Forum
New Orleans @ Memphis,8:00 PM,FedExForum
Atlanta @ Houston,8:00 PM,Toyota Center
Washington @ Miami,8:00 PM,FTX Arena
Brooklyn @ Indiana,8:00 PM,Gainbridge Fieldhouse
Detroit @ Phoenix,9:00 PM,Footprint Center
Utah @ Golden State,10:00 PM,Chase Center
Denver @ LA Clippers,10:30 PM,Crypto.com Arena
Sat Nov 26,Time,Location
Dallas @ Toronto,5:00 PM,Scotiabank Arena
LA Lakers @ San Antonio,8:00 PM,AT&T Center
Okla City @ Houston,8:00 PM,Toyota Center
Utah @ Phoenix,9:00 PM,Footprint Center
Sun Nov 27,Time,Location
Portland @ Brooklyn,3:00 PM,Barclays Center
Golden State @ Minnesota,3:30 PM,Target Center
Indiana @ LA Clippers,4:00 PM,Crypto.com Arena
Miami @ Atlanta,5:00 PM,State Farm Arena
Washington @ Boston,6:00 PM,TD Garden
Cleveland @ Detroit,6:00 PM,Little Caesars Arena
Philadelphia @ Orlando,6:00 PM,Amway Center
Memphis @ New York,6:00 PM,Madison Square Garden
Dallas @ Milwaukee,8:00 PM,Fiserv Forum
Mon Nov 28,Time,Location
Atlanta @ Philadelphia,7:00 PM,Wells Fargo Center
Minnesota @ Washington,7:00 PM,Capital One Arena
Charlotte @ Boston,7:30 PM,TD Garden
Orlando @ Brooklyn,7:30 PM,Barclays Center
Cleveland @ Toronto,7:30 PM,Scotiabank Arena
Okla City @ New Orleans,8:00 PM,Smoothie King Center
Houston @ Denver,9:00 PM,Ball Arena
Chicago @ Utah,9:00 PM,Vivint Arena
Phoenix @ Sacramento,10:00 PM,Golden 1 Center
Indiana @ LA Lakers,10:30 PM,Crypto.com Arena
Tue Nov 29,Time,Location
New York @ Detroit,7:00 PM,Little Caesars Arena
Golden State @ Dallas,7:30 PM,American Airlines Center
LA Clippers @ Portland,10:00 PM,Moda Center
Wed Nov 30,Time,Location
Philadelphia @ Cleveland,7:00 PM,Rocket Mortgage FieldHouse
Atlanta @ Orlando,7:00 PM,Amway Center
Washington @ Brooklyn,7:30 PM,Barclays Center
Miami @ Boston,7:30 PM,TD Garden
Milwaukee @ New York,7:30 PM,Madison Square Garden
Memphis @ Minnesota,8:00 PM,Target Center
Toronto @ New Orleans,8:00 PM,Smoothie King Center
San Antonio @ Okla City,8:00 PM,Paycom Center
Houston @ Denver,9:00 PM,Ball Arena
Chicago @ Phoenix,9:00 PM,Footprint Center
LA Clippers @ Utah,9:00 PM,Vivint Arena
Indiana @ Sacramento,10:00 PM,Golden 1 Center
Portland @ LA Lakers,10:30 PM,Crypto.com Arena
Thu Dec 1,Time,Location
Dallas @ Detroit,7:00 PM,Little Caesars Arena
Fri Dec 2,Time,Location
Washington @ Charlotte,7:00 PM,Spectrum Center
Toronto @ Brooklyn,7:30 PM,Barclays Center
Orlando @ Cleveland,7:30 PM,Rocket Mortgage FieldHouse
LA Lakers @ Milwaukee,7:30 PM,Fiserv Forum
Denver @ Atlanta,7:30 PM,State Farm Arena
Miami @ Boston,7:30 PM,TD Garden
Philadelphia @ Memphis,8:00 PM,FedExForum
New Orleans @ San Antonio,8:00 PM,AT&T Center
Houston @ Phoenix,9:00 PM,Footprint Center
Indiana @ Utah,9:00 PM,Vivint Arena
Chicago @ Golden State,10:00 PM,Chase Center
Sat Dec 3,Time,Location
Dallas @ New York,12:30 PM,Madison Square Garden
Sacramento @ LA Clippers,4:00 PM,Crypto.com Arena
Milwaukee @ Charlotte,6:00 PM,Spectrum Center
Orlando @ Toronto,8:00 PM,Scotiabank Arena
Okla City @ Minnesota,8:00 PM,Target Center
Houston @ Golden State,8:30 PM,Chase Center
Portland @ Utah,9:00 PM,Vivint Arena
Sun Dec 4,Time,Location
Denver @ New Orleans,3:30 PM,Smoothie King Center
Phoenix @ San Antonio,4:00 PM,AT&T Center
Boston @ Brooklyn,6:00 PM,Barclays Center
Memphis @ Detroit,6:00 PM,Little Caesars Arena
Cleveland @ New York,6:00 PM,Madison Square Garden
LA Lakers @ Washington,6:00 PM,Capital One Arena
Chicago @ Sacramento,6:00 PM,Golden 1 Center
Indiana @ Portland,9:00 PM,Moda Center
Mon Dec 5,Time,Location
LA Clippers @ Charlotte,7:00 PM,Spectrum Center
Milwaukee @ Orlando,7:00 PM,Amway Center
Okla City @ Atlanta,7:30 PM,State Farm Arena
Boston @ Toronto,7:30 PM,Scotiabank Arena
Philadelphia @ Houston,8:00 PM,Toyota Center
Miami @ Memphis,8:00 PM,FedExForum
Phoenix @ Dallas,8:30 PM,American Airlines Center
Indiana @ Golden State,10:00 PM,Chase Center
Tue Dec 6,Time,Location
Detroit @ Miami,7:30 PM,FTX Arena
LA Lakers @ Cleveland,7:30 PM,Rocket Mortgage FieldHouse
Dallas @ Denver,10:00 PM,Ball Arena
Wed Dec 7,Time,Location
LA Clippers @ Orlando,7:00 PM,Amway Center
Charlotte @ Brooklyn,7:30 PM,Barclays Center
LA Lakers @ Toronto,7:30 PM,Scotiabank Arena
Atlanta @ New York,7:30 PM,Madison Square Garden
Sacramento @ Milwaukee,8:00 PM,Fiserv Forum
Indiana @ Minnesota,8:00 PM,Target Center
Okla City @ Memphis,8:00 PM,FedExForum
Washington @ Chicago,8:00 PM,United Center
Detroit @ New Orleans,8:00 PM,Smoothie King Center
Golden State @ Utah,9:00 PM,Vivint Arena
Boston @ Phoenix,10:00 PM,Footprint Center
Thu Dec 8,Time,Location
LA Clippers @ Miami,7:30 PM,FTX Arena
Houston @ San Antonio,8:30 PM,AT&T Center
Denver @ Portland,10:00 PM,Moda Center
Fri Dec 9,Time,Location
New York @ Charlotte,7:00 PM,Spectrum Center
Toronto @ Orlando,7:00 PM,Amway Center
Washington @ Indiana,7:00 PM,Gainbridge Fieldhouse
Atlanta @ Brooklyn,7:30 PM,Barclays Center
LA Lakers @ Philadelphia,7:30 PM,Wells Fargo Center
Sacramento @ Cleveland,7:30 PM,Rocket Mortgage FieldHouse
Detroit @ Memphis,8:00 PM,FedExForum
Phoenix @ New Orleans,8:30 PM,Smoothie King Center
Minnesota @ Utah,9:00 PM,Vivint Arena
Milwaukee @ Dallas,10:00 PM,American Airlines Center
Sat Dec 10,Time,Location
San Antonio @ Miami,5:00 PM,FTX Arena
Brooklyn @ Indiana,7:00 PM,Gainbridge Fieldhouse
LA Clippers @ Washington,7:00 PM,Capital One Arena
Okla City @ Cleveland,7:30 PM,Rocket Mortgage FieldHouse
Dallas @ Chicago,8:00 PM,United Center
Boston @ Golden State,8:30 PM,Chase Center
Utah @ Denver,9:00 PM,Ball Arena
Minnesota @ Portland,10:00 PM,Moda Center
Sun Dec 11,Time,Location
Phoenix @ New Orleans,3:30 PM,Smoothie King Center
Sacramento @ New York,6:00 PM,Madison Square Garden
LA Lakers @ Detroit,6:00 PM,Little Caesars Arena
Charlotte @ Philadelphia,6:00 PM,Wells Fargo Center
Toronto @ Orlando,6:00 PM,Amway Center
Chicago @ Atlanta,6:30 PM,State Farm Arena
Milwaukee @ Houston,7:00 PM,Toyota Center
Mon Dec 12,Time,Location
Miami @ Indiana,7:00 PM,Gainbridge Fieldhouse
Brooklyn @ Washington,7:00 PM,Capital One Arena
Atlanta @ Memphis,8:00 PM,FedExForum
Okla City @ Dallas,8:30 PM,American Airlines Center
Cleveland @ San Antonio,8:30 PM,AT&T Center
Minnesota @ Portland,10:00 PM,Moda Center
Boston @ LA Clippers,10:30 PM,Crypto.com Arena
Tue Dec 13,Time,Location
Sacramento @ Philadelphia,7:00 PM,Wells Fargo Center
Golden State @ Milwaukee,7:30 PM,Fiserv Forum
Phoenix @ Houston,8:00 PM,Toyota Center
New Orleans @ Utah,9:00 PM,Vivint Arena
Boston @ LA Lakers,10:00 PM,Crypto.com Arena
Wed Dec 14,Time,Location
Golden State @ Indiana,7:00 PM,Gainbridge Fieldhouse
Detroit @ Charlotte,7:00 PM,Spectrum Center
Atlanta @ Orlando,7:00 PM,Amway Center
Sacramento @ Toronto,7:30 PM,Scotiabank Arena
New York @ Chicago,7:30 PM,United Center
Miami @ Okla City,8:00 PM,Paycom Center
Portland @ San Antonio,8:00 PM,AT&T Center
Cleveland @ Dallas,9:00 PM,American Airlines Center
Washington @ Denver,9:00 PM,Ball Arena
Minnesota @ LA Clippers,10:00 PM,Crypto.com Arena
Thu Dec 15,Time,Location
Miami @ Houston,8:00 PM,Toyota Center
Milwaukee @ Memphis,8:00 PM,FedExForum
New Orleans @ Utah,9:00 PM,Vivint Arena
Phoenix @ LA Clippers,10:30 PM,Crypto.com Arena
Fri Dec 16,Time,Location
Atlanta @ Charlotte,7:00 PM,Spectrum Center
Sacramento @ Detroit,7:00 PM,Little Caesars Arena
Orlando @ Boston,7:30 PM,TD Garden
Indiana @ Cleveland,7:30 PM,Rocket Mortgage FieldHouse
Golden State @ Philadelphia,7:30 PM,Wells Fargo Center
Brooklyn @ Toronto,7:30 PM,Scotiabank Arena
New York @ Chicago,8:00 PM,United Center
Minnesota @ Okla City,8:00 PM,Paycom Center
Portland @ Dallas,8:30 PM,American Airlines Center
Denver @ LA Lakers,10:00 PM,Crypto.com Arena
Sat Dec 17,Time,Location
Washington @ LA Clippers,4:00 PM,Crypto.com Arena
Miami vs. San Antonio,5:00 PM,Mexico City Arena
Dallas @ Cleveland,8:00 PM,Rocket Mortgage FieldHouse
Portland @ Houston,8:00 PM,Toyota Center
Utah @ Milwaukee,8:00 PM,Fiserv Forum
Memphis @ Okla City,8:00 PM,Paycom Center
New Orleans @ Phoenix,9:00 PM,Footprint Center
Sun Dec 18,Time,Location
Orlando @ Boston,3:00 PM,TD Garden
New York @ Indiana,5:00 PM,Gainbridge Fieldhouse
Brooklyn @ Detroit,6:00 PM,Little Caesars Arena
Golden State @ Toronto,6:00 PM,Scotiabank Arena
Chicago @ Minnesota,7:00 PM,Target Center
Charlotte @ Denver,8:00 PM,Ball Arena
Washington @ LA Lakers,9:30 PM,Crypto.com Arena
Mon Dec 19,Time,Location
Toronto @ Philadelphia,7:00 PM,Wells Fargo Center
Utah @ Cleveland,7:00 PM,Rocket Mortgage FieldHouse
Orlando @ Atlanta,7:30 PM,State Farm Arena
San Antonio @ Houston,8:00 PM,Toyota Center
Milwaukee @ New Orleans,8:00 PM,Smoothie King Center
Portland @ Okla City,8:00 PM,Paycom Center
Dallas @ Minnesota,8:00 PM,Target Center
LA Lakers @ Phoenix,9:00 PM,Footprint Center
Charlotte @ Sacramento,10:00 PM,Golden 1 Center
Tue Dec 20,Time,Location
Utah @ Detroit,7:00 PM,Little Caesars Arena
Chicago @ Miami,7:30 PM,FTX Arena
Golden State @ New York,7:30 PM,Madison Square Garden
Washington @ Phoenix,9:00 PM,Footprint Center
Memphis @ Denver,10:00 PM,Ball Arena
Wed Dec 21,Time,Location
Milwaukee @ Cleveland,7:00 PM,Rocket Mortgage FieldHouse
Detroit @ Philadelphia,7:00 PM,Wells Fargo Center
Indiana @ Boston,7:30 PM,TD Garden
Chicago @ Atlanta,7:30 PM,State Farm Arena
Toronto @ New York,7:30 PM,Madison Square Garden
Golden State @ Brooklyn,7:30 PM,Barclays Center
Dallas @ Minnesota,8:00 PM,Target Center
Orlando @ Houston,8:00 PM,Toyota Center
Portland @ Okla City,8:00 PM,Paycom Center
LA Lakers @ Sacramento,10:00 PM,Golden 1 Center
Charlotte @ LA Clippers,10:30 PM,Crypto.com Arena
Thu Dec 22,Time,Location
San Antonio @ New Orleans,8:00 PM,Smoothie King Center
Washington @ Utah,9:00 PM,Vivint Arena
Fri Dec 23,Time,Location
San Antonio @ Orlando,7:00 PM,Amway Center
LA Clippers @ Philadelphia,7:00 PM,Wells Fargo Center
Detroit @ Atlanta,7:30 PM,State Farm Arena
Minnesota @ Boston,7:30 PM,TD Garden
Chicago @ New York,7:30 PM,Madison Square Garden
Milwaukee @ Brooklyn,7:30 PM,Barclays Center
Toronto @ Cleveland,7:30 PM,Rocket Mortgage FieldHouse
Indiana @ Miami,8:00 PM,FTX Arena
Dallas @ Houston,8:00 PM,Toyota Center
New Orleans @ Okla City,8:00 PM,Paycom Center
Portland @ Denver,9:00 PM,Ball Arena
Memphis @ Phoenix,10:00 PM,Footprint Center
Washington @ Sacramento,10:00 PM,Golden 1 Center
Charlotte @ LA Lakers,10:30 PM,Crypto.com Arena
Sun Dec 25,Time,Location
Philadelphia @ New York,12:00 PM,Madison Square Garden
LA Lakers @ Dallas,2:30 PM,American Airlines Center
Milwaukee @ Boston,5:00 PM,TD Garden
Memphis @ Golden State,8:00 PM,Chase Center
Phoenix @ Denver,10:30 PM,Ball Arena
Mon Dec 26,Time,Location
Brooklyn @ Cleveland,7:00 PM,Rocket Mortgage FieldHouse
LA Clippers @ Detroit,7:00 PM,Little Caesars Arena
Minnesota @ Miami,7:30 PM,FTX Arena
Houston @ Chicago,8:00 PM,United Center
Indiana @ New Orleans,8:00 PM,Smoothie King Center
Utah @ San Antonio,8:00 PM,AT&T Center
Charlotte @ Portland,10:00 PM,Moda Center
Tue Dec 27,Time,Location
LA Lakers @ Orlando,7:00 PM,Amway Center
Philadelphia @ Washington,7:00 PM,Capital One Arena
Houston @ Boston,7:30 PM,TD Garden
Atlanta @ Indiana,7:30 PM,Gainbridge Fieldhouse
LA Clippers @ Toronto,7:30 PM,Scotiabank Arena
Phoenix @ Memphis,8:00 PM,FedExForum
San Antonio @ Okla City,8:00 PM,Paycom Center
New York @ Dallas,8:30 PM,American Airlines Center
Charlotte @ Golden State,10:00 PM,Chase Center
Denver @ Sacramento,10:00 PM,Golden 1 Center
Wed Dec 28,Time,Location
Phoenix @ Washington,7:00 PM,Capital One Arena
Orlando @ Detroit,7:00 PM,Little Caesars Arena
Brooklyn @ Atlanta,7:30 PM,State Farm Arena
LA Lakers @ Miami,7:30 PM,FTX Arena
Milwaukee @ Chicago,8:00 PM,United Center
Minnesota @ New Orleans,8:00 PM,Smoothie King Center
Denver @ Sacramento,10:00 PM,Golden 1 Center
Utah @ Golden State,10:00 PM,Chase Center
Thu Dec 29,Time,Location
Okla City @ Charlotte,7:00 PM,Spectrum Center
Cleveland @ Indiana,7:00 PM,Gainbridge Fieldhouse
LA Clippers @ Boston,7:30 PM,TD Garden
Memphis @ Toronto,7:30 PM,Scotiabank Arena
New York @ San Antonio,8:00 PM,AT&T Center
Houston @ Dallas,8:30 PM,American Airlines Center
Fri Dec 30,Time,Location
Washington @ Orlando,7:00 PM,Amway Center
Phoenix @ Toronto,7:30 PM,Scotiabank Arena
LA Lakers @ Atlanta,7:30 PM,State Farm Arena
Minnesota @ Milwaukee,8:00 PM,Fiserv Forum
Detroit @ Chicago,8:00 PM,United Center
Philadelphia @ New Orleans,8:30 PM,Smoothie King Center
Miami @ Denver,9:00 PM,Ball Arena
Portland @ Golden State,10:00 PM,Chase Center
Utah @ Sacramento,10:00 PM,Golden 1 Center
Sat Dec 31,Time,Location
LA Clippers @ Indiana,3:00 PM,Gainbridge Fieldhouse
Brooklyn @ Charlotte,7:00 PM,Spectrum Center
New York @ Houston,7:00 PM,Toyota Center
Cleveland @ Chicago,7:00 PM,United Center
Dallas @ San Antonio,7:00 PM,AT&T Center
New Orleans @ Memphis,8:00 PM,FedExForum
Philadelphia @ Okla City,8:00 PM,Paycom Center
Detroit @ Minnesota,8:00 PM,Target Center
Miami @ Utah,9:00 PM,Vivint Arena
Sun Jan 1,Time,Location
Sacramento @ Memphis,8:00 PM,FedExForum
Boston @ Denver,8:00 PM,Ball Arena
Washington @ Milwaukee,8:00 PM,Fiserv Forum
Mon Jan 2,Time,Location
Phoenix @ New York,3:00 PM,Madison Square Garden
LA Lakers @ Charlotte,7:00 PM,Spectrum Center
Chicago @ Cleveland,7:00 PM,Rocket Mortgage FieldHouse
Toronto @ Indiana,7:00 PM,Gainbridge Fieldhouse
New Orleans @ Philadelphia,7:00 PM,Wells Fargo Center
San Antonio @ Brooklyn,7:30 PM,Barclays Center
Dallas @ Houston,8:00 PM,Toyota Center
Denver @ Minnesota,8:00 PM,Target Center
Atlanta @ Golden State,10:00 PM,Chase Center
Detroit @ Portland,10:00 PM,Moda Center
Miami @ LA Clippers,10:30 PM,Crypto.com Arena
Tue Jan 3,Time,Location
Washington @ Milwaukee,8:00 PM,Fiserv Forum
Boston @ Okla City,8:00 PM,Paycom Center
Sacramento @ Utah,9:00 PM,Vivint Arena
Wed Jan 4,Time,Location
Indiana @ Philadelphia,7:00 PM,Wells Fargo Center
Okla City @ Orlando,7:00 PM,Amway Center
Memphis @ Charlotte,7:00 PM,Spectrum Center
Phoenix @ Cleveland,7:00 PM,Rocket Mortgage FieldHouse
San Antonio @ New York,7:30 PM,Madison Square Garden
Milwaukee @ Toronto,7:30 PM,Scotiabank Arena
Houston @ New Orleans,8:00 PM,Smoothie King Center
Portland @ Minnesota,8:00 PM,Target Center
Brooklyn @ Chicago,8:00 PM,United Center
Detroit @ Golden State,10:00 PM,Chase Center
Atlanta @ Sacramento,10:00 PM,Golden 1 Center
Miami @ LA Lakers,10:00 PM,Crypto.com Arena
Thu Jan 5,Time,Location
Memphis @ Orlando,7:00 PM,Amway Center
Boston @ Dallas,7:30 PM,American Airlines Center
Utah @ Houston,8:00 PM,Toyota Center
LA Clippers @ Denver,10:00 PM,Ball Arena
Fri Jan 6,Time,Location
Portland @ Indiana,7:00 PM,Gainbridge Fieldhouse
Chicago @ Philadelphia,7:30 PM,Wells Fargo Center
New York @ Toronto,7:30 PM,Scotiabank Arena
Charlotte @ Milwaukee,8:00 PM,Fiserv Forum
Washington @ Okla City,8:00 PM,Paycom Center
Detroit @ San Antonio,8:00 PM,AT&T Center
Brooklyn @ New Orleans,8:30 PM,Smoothie King Center
LA Clippers @ Minnesota,9:00 PM,Target Center
Cleveland @ Denver,9:00 PM,Ball Arena
Miami @ Phoenix,10:00 PM,Footprint Center
Atlanta @ LA Lakers,10:30 PM,Crypto.com Arena
Sat Jan 7,Time,Location
Boston @ San Antonio,6:00 PM,AT&T Center
Utah @ Chicago,8:00 PM,United Center
New Orleans @ Dallas,8:00 PM,American Airlines Center
Orlando @ Golden State,8:30 PM,Chase Center
LA Lakers @ Sacramento,10:00 PM,Golden 1 Center
Sun Jan 8,Time,Location
Philadelphia @ Detroit,3:00 PM,Little Caesars Arena
Portland @ Toronto,3:30 PM,Scotiabank Arena
Charlotte @ Indiana,5:00 PM,Gainbridge Fieldhouse
Brooklyn @ Miami,6:00 PM,FTX Arena
Utah @ Memphis,6:00 PM,FedExForum
Minnesota @ Houston,7:00 PM,Toyota Center
Dallas @ Okla City,7:00 PM,Paycom Center
Cleveland @ Phoenix,8:00 PM,Footprint Center
Atlanta @ LA Clippers,9:00 PM,Crypto.com Arena
Mon Jan 9,Time,Location
New Orleans @ Washington,7:00 PM,Capital One Arena
Chicago @ Boston,7:30 PM,TD Garden
Milwaukee @ New York,7:30 PM,Madison Square Garden
San Antonio @ Memphis,8:00 PM,FedExForum
LA Lakers @ Denver,9:00 PM,Ball Arena
Orlando @ Sacramento,10:00 PM,Golden 1 Center
Tue Jan 10,Time,Location
Okla City @ Miami,7:30 PM,FTX Arena
Detroit @ Philadelphia,7:30 PM,Wells Fargo Center
Charlotte @ Toronto,7:30 PM,Scotiabank Arena
Cleveland @ Utah,9:00 PM,Vivint Arena
Phoenix @ Golden State,10:00 PM,Chase Center
Orlando @ Portland,10:00 PM,Moda Center
Dallas @ LA Clippers,10:30 PM,Crypto.com Arena
Wed Jan 11,Time,Location
Chicago @ Washington,7:00 PM,Capital One Arena
Minnesota @ Detroit,7:00 PM,Little Caesars Arena
Milwaukee @ Atlanta,7:30 PM,State Farm Arena
New Orleans @ Boston,7:30 PM,TD Garden
Indiana @ New York,7:30 PM,Madison Square Garden
San Antonio @ Memphis,8:00 PM,FedExForum
Phoenix @ Denver,9:00 PM,Ball Arena
Houston @ Sacramento,10:00 PM,Golden 1 Center
Thu Jan 12,Time,Location
Okla City @ Philadelphia,7:00 PM,Wells Fargo Center
Boston @ Brooklyn,7:30 PM,Barclays Center
Milwaukee @ Miami,7:30 PM,FTX Arena
Charlotte @ Toronto,7:30 PM,Scotiabank Arena
Cleveland @ Portland,10:00 PM,Moda Center
Dallas @ LA Lakers,10:00 PM,Crypto.com Arena
Fri Jan 13,Time,Location
Atlanta @ Indiana,7:00 PM,Gainbridge Fieldhouse
New Orleans @ Detroit,7:00 PM,Little Caesars Arena
New York @ Washington,7:00 PM,Capital One Arena
Golden State vs. San Antonio,7:30 PM,Alamodome
Okla City @ Chicago,8:00 PM,United Center
Phoenix @ Minnesota,8:00 PM,Target Center
Orlando @ Utah,9:00 PM,Vivint Arena
Denver @ LA Clippers,10:00 PM,Crypto.com Arena
Houston @ Sacramento,10:00 PM,Golden 1 Center
Sat Jan 14,Time,Location
Milwaukee @ Miami,1:00 PM,FTX Arena
Memphis @ Indiana,7:00 PM,Gainbridge Fieldhouse
Boston @ Charlotte,7:00 PM,Spectrum Center
Atlanta @ Toronto,7:30 PM,Scotiabank Arena
Cleveland @ Minnesota,8:00 PM,Target Center
Philadelphia @ Utah,9:00 PM,Vivint Arena
Dallas @ Portland,10:00 PM,Moda Center
Sun Jan 15,Time,Location
New York @ Detroit,1:00 PM,Little Caesars Arena
Houston @ LA Clippers,3:00 PM,Crypto.com Arena
Golden State @ Chicago,3:30 PM,United Center
Okla City @ Brooklyn,6:00 PM,Barclays Center
Sacramento @ San Antonio,7:00 PM,AT&T Center
Orlando @ Denver,8:00 PM,Ball Arena
Dallas @ Portland,9:00 PM,Moda Center
Philadelphia @ LA Lakers,9:30 PM,Crypto.com Arena
Mon Jan 16,Time,Location
Boston @ Charlotte,1:00 PM,Spectrum Center
Indiana @ Milwaukee,2:30 PM,Fiserv Forum
New Orleans @ Cleveland,3:00 PM,Rocket Mortgage FieldHouse
Toronto @ New York,3:00 PM,Madison Square Garden
Golden State @ Washington,3:00 PM,Capital One Arena
Miami @ Atlanta,3:30 PM,State Farm Arena
Utah @ Minnesota,4:00 PM,Target Center
Phoenix @ Memphis,6:00 PM,FedExForum
Houston @ LA Lakers,10:30 PM,Crypto.com Arena
Tue Jan 17,Time,Location
Toronto @ Milwaukee,7:30 PM,Fiserv Forum
Brooklyn @ San Antonio,8:00 PM,AT&T Center
Portland @ Denver,9:00 PM,Ball Arena
Philadelphia @ LA Clippers,10:00 PM,Crypto.com Arena
Wed Jan 18,Time,Location
Washington @ New York,7:30 PM,Madison Square Garden
Atlanta @ Dallas,7:30 PM,American Airlines Center
Charlotte @ Houston,8:00 PM,Toyota Center
Cleveland @ Memphis,8:00 PM,FedExForum
Miami @ New Orleans,8:00 PM,Smoothie King Center
Indiana @ Okla City,8:00 PM,Paycom Center
LA Clippers @ Utah,9:00 PM,Vivint Arena
Minnesota @ Denver,10:00 PM,Ball Arena
Sacramento @ LA Lakers,10:30 PM,Crypto.com Arena
Thu Jan 19,Time,Location
Chicago vs. Detroit,3:00 PM,AccorHotels Arena
Golden State @ Boston,7:30 PM,TD Garden
Toronto @ Minnesota,8:00 PM,Target Center
Brooklyn @ Phoenix,10:00 PM,Footprint Center
Philadelphia @ Portland,10:00 PM,Moda Center
Fri Jan 20,Time,Location
New Orleans @ Orlando,7:00 PM,Amway Center
Golden State @ Cleveland,7:30 PM,Rocket Mortgage FieldHouse
New York @ Atlanta,7:30 PM,State Farm Arena
Miami @ Dallas,7:30 PM,American Airlines Center
LA Clippers @ San Antonio,8:00 PM,AT&T Center
Brooklyn @ Utah,9:00 PM,Vivint Arena
Indiana @ Denver,9:00 PM,Ball Arena
Memphis @ LA Lakers,10:00 PM,Crypto.com Arena
Okla City @ Sacramento,10:00 PM,Golden 1 Center
Sat Jan 21,Time,Location
Boston @ Toronto,5:00 PM,Scotiabank Arena
Orlando @ Washington,7:00 PM,Capital One Arena
Charlotte @ Atlanta,7:30 PM,State Farm Arena
Milwaukee @ Cleveland,7:30 PM,Rocket Mortgage FieldHouse
Houston @ Minnesota,8:00 PM,Target Center
Indiana @ Phoenix,9:00 PM,Footprint Center
Philadelphia @ Sacramento,10:00 PM,Golden 1 Center
Sun Jan 22,Time,Location
New Orleans @ Miami,3:30 PM,FTX Arena
New York @ Toronto,6:00 PM,Scotiabank Arena
LA Clippers @ Dallas,7:30 PM,American Airlines Center
Okla City @ Denver,8:00 PM,Ball Arena
Memphis @ Phoenix,8:00 PM,Footprint Center
Brooklyn @ Golden State,8:30 PM,Chase Center
LA Lakers @ Portland,9:00 PM,Moda Center
Mon Jan 23,Time,Location
Boston @ Orlando,7:00 PM,Amway Center
Milwaukee @ Detroit,7:00 PM,Little Caesars Arena
Atlanta @ Chicago,8:00 PM,United Center
Minnesota @ Houston,8:00 PM,Toyota Center
Charlotte @ Utah,9:00 PM,Vivint Arena
San Antonio @ Portland,10:00 PM,Moda Center
Memphis @ Sacramento,10:30 PM,Golden 1 Center
Tue Jan 24,Time,Location
Chicago @ Indiana,7:00 PM,Gainbridge Fieldhouse
Boston @ Miami,7:30 PM,FTX Arena
Cleveland @ New York,7:30 PM,Madison Square Garden
Denver @ New Orleans,8:00 PM,Smoothie King Center
Washington @ Dallas,8:30 PM,American Airlines Center
Charlotte @ Phoenix,9:00 PM,Footprint Center
LA Clippers @ LA Lakers,10:00 PM,Crypto.com Arena
Wed Jan 25,Time,Location
Indiana @ Orlando,7:00 PM,Amway Center
Brooklyn @ Philadelphia,7:30 PM,Wells Fargo Center
Atlanta @ Okla City,8:00 PM,Paycom Center
Washington @ Houston,8:00 PM,Toyota Center
Denver @ Milwaukee,8:00 PM,Fiserv Forum
Minnesota @ New Orleans,8:00 PM,Smoothie King Center
Memphis @ Golden State,10:00 PM,Chase Center
Toronto @ Sacramento,10:00 PM,Golden 1 Center
Utah @ Portland,10:00 PM,Moda Center
San Antonio @ LA Lakers,10:30 PM,Crypto.com Arena
Thu Jan 26,Time,Location
New York @ Boston,7:30 PM,TD Garden
Detroit @ Brooklyn,7:30 PM,Barclays Center
Chicago @ Charlotte,7:30 PM,Spectrum Center
Cleveland @ Houston,8:00 PM,Toyota Center
Dallas @ Phoenix,10:00 PM,Footprint Center
San Antonio @ LA Clippers,10:30 PM,Crypto.com Arena
Fri Jan 27,Time,Location
Milwaukee @ Indiana,7:00 PM,Gainbridge Fieldhouse
Memphis @ Minnesota,7:30 PM,Target Center
Cleveland @ Okla City,8:00 PM,Paycom Center
Orlando @ Miami,8:00 PM,FTX Arena
Toronto @ Golden State,10:00 PM,Chase Center
Sat Jan 28,Time,Location
Denver @ Philadelphia,3:00 PM,Wells Fargo Center
New York @ Brooklyn,5:30 PM,Barclays Center
Chicago @ Orlando,7:00 PM,Amway Center
Houston @ Detroit,7:00 PM,Little Caesars Arena
LA Clippers @ Atlanta,7:30 PM,State Farm Arena
Sacramento @ Minnesota,8:00 PM,Target Center
Washington @ New Orleans,8:00 PM,Smoothie King Center
Phoenix @ San Antonio,8:00 PM,AT&T Center
LA Lakers @ Boston,8:30 PM,TD Garden
Dallas @ Utah,9:00 PM,Vivint Arena
Toronto @ Portland,10:00 PM,Moda Center
Sun Jan 29,Time,Location
Miami @ Charlotte,1:00 PM,Spectrum Center
Indiana @ Memphis,6:00 PM,FedExForum
LA Clippers @ Cleveland,7:00 PM,Rocket Mortgage FieldHouse
New Orleans @ Milwaukee,8:00 PM,Fiserv Forum
Mon Jan 30,Time,Location
Orlando @ Philadelphia,7:00 PM,Wells Fargo Center
LA Lakers @ Brooklyn,7:30 PM,Barclays Center
Sacramento @ Minnesota,8:00 PM,Target Center
Washington @ San Antonio,8:00 PM,AT&T Center
Golden State @ Okla City,8:00 PM,Paycom Center
Detroit @ Dallas,8:30 PM,American Airlines Center
Toronto @ Phoenix,9:00 PM,Footprint Center
Atlanta @ Portland,10:00 PM,Moda Center
Tue Jan 31,Time,Location
Miami @ Cleveland,7:00 PM,Rocket Mortgage FieldHouse
LA Lakers @ New York,7:30 PM,Madison Square Garden
Charlotte @ Milwaukee,8:00 PM,Fiserv Forum
LA Clippers @ Chicago,8:00 PM,United Center
New Orleans @ Denver,10:00 PM,Ball Arena
Wed Feb 1,Time,Location
Orlando @ Philadelphia,7:00 PM,Wells Fargo Center
Portland @ Memphis,7:00 PM,FedExForum
Washington @ Detroit,7:00 PM,Little Caesars Arena
Brooklyn @ Boston,7:30 PM,TD Garden
Okla City @ Houston,8:00 PM,Toyota Center
Golden State @ Minnesota,8:00 PM,Target Center
Sacramento @ San Antonio,8:00 PM,AT&T Center
Toronto @ Utah,9:00 PM,Vivint Arena
Atlanta @ Phoenix,10:00 PM,Footprint Center
Thu Feb 2,Time,Location
LA Lakers @ Indiana,7:00 PM,Gainbridge Fieldhouse
Memphis @ Cleveland,7:30 PM,Rocket Mortgage FieldHouse
Miami @ New York,7:30 PM,Madison Square Garden
Charlotte @ Chicago,8:00 PM,United Center
New Orleans @ Dallas,8:30 PM,American Airlines Center
Golden State @ Denver,9:00 PM,Ball Arena
LA Clippers @ Milwaukee,10:00 PM,Fiserv Forum
Fri Feb 3,Time,Location
Charlotte @ Detroit,7:00 PM,Little Caesars Arena
Sacramento @ Indiana,7:00 PM,Gainbridge Fieldhouse
Portland @ Washington,7:00 PM,Capital One Arena
Phoenix @ Boston,7:30 PM,TD Garden
Toronto @ Houston,8:00 PM,Toyota Center
Orlando @ Minnesota,8:00 PM,Target Center
Philadelphia @ San Antonio,8:00 PM,AT&T Center
Atlanta @ Utah,9:00 PM,Vivint Arena
Sat Feb 4,Time,Location
Washington @ Brooklyn,6:00 PM,Barclays Center
LA Clippers @ New York,7:00 PM,Madison Square Garden
Phoenix @ Detroit,7:00 PM,Little Caesars Arena
Portland @ Chicago,8:00 PM,United Center
Miami @ Milwaukee,8:00 PM,Fiserv Forum
LA Lakers @ New Orleans,8:00 PM,Smoothie King Center
Houston @ Okla City,8:00 PM,Paycom Center
Dallas @ Golden State,8:30 PM,Chase Center
Atlanta @ Denver,9:00 PM,Ball Arena
Sun Feb 5,Time,Location
Orlando @ Charlotte,1:00 PM,Spectrum Center
Cleveland @ Indiana,5:00 PM,Gainbridge Fieldhouse
Philadelphia @ New York,6:00 PM,Madison Square Garden
Toronto @ Memphis,6:00 PM,FedExForum
Sacramento @ New Orleans,7:00 PM,Smoothie King Center
Denver @ Minnesota,7:00 PM,Target Center
Mon Feb 6,Time,Location
Boston @ Detroit,7:00 PM,Little Caesars Arena
Cleveland @ Washington,7:00 PM,Capital One Arena
LA Clippers @ Brooklyn,7:30 PM,Barclays Center
San Antonio @ Chicago,8:00 PM,United Center
Sacramento @ Houston,8:00 PM,Toyota Center
Dallas @ Utah,9:00 PM,Vivint Arena
Okla City @ Golden State,10:00 PM,Chase Center
Milwaukee @ Portland,10:00 PM,Moda Center
Tue Feb 7,Time,Location
New York @ Orlando,7:00 PM,Amway Center
Phoenix @ Brooklyn,7:30 PM,Barclays Center
Atlanta @ New Orleans,7:30 PM,Smoothie King Center
Chicago @ Memphis,8:00 PM,FedExForum
Minnesota @ Denver,10:00 PM,Ball Arena
Okla City @ LA Lakers,10:30 PM,Crypto.com Arena
Wed Feb 8,Time,Location
Detroit @ Cleveland,7:00 PM,Rocket Mortgage FieldHouse
Charlotte @ Washington,7:00 PM,Capital One Arena
San Antonio @ Toronto,7:30 PM,Scotiabank Arena
Philadelphia @ Boston,7:30 PM,TD Garden
Indiana @ Miami,7:30 PM,FTX Arena
Sacramento @ Houston,8:00 PM,Toyota Center
Minnesota @ Utah,9:00 PM,Vivint Arena
Dallas @ LA Clippers,10:00 PM,Crypto.com Arena
Golden State @ Portland,10:00 PM,Moda Center
Thu Feb 9,Time,Location
Denver @ Orlando,7:00 PM,Amway Center
Phoenix @ Atlanta,7:30 PM,State Farm Arena
Chicago @ Brooklyn,7:30 PM,Barclays Center
Milwaukee @ LA Lakers,10:00 PM,Crypto.com Arena
Fri Feb 10,Time,Location
San Antonio @ Detroit,7:00 PM,Little Caesars Arena
Phoenix @ Indiana,7:00 PM,Gainbridge Fieldhouse
New York @ Philadelphia,7:00 PM,Wells Fargo Center
Charlotte @ Boston,7:30 PM,TD Garden
Utah @ Toronto,7:30 PM,Scotiabank Arena
Houston @ Miami,8:00 PM,FTX Arena
Minnesota @ Memphis,8:00 PM,FedExForum
Cleveland @ New Orleans,10:00 PM,Smoothie King Center
Okla City @ Portland,10:00 PM,Moda Center
Dallas @ Sacramento,10:00 PM,Golden 1 Center
Milwaukee @ LA Clippers,10:30 PM,Crypto.com Arena
Sat Feb 11,Time,Location
Philadelphia @ Brooklyn,6:00 PM,Barclays Center
Denver @ Charlotte,7:00 PM,Spectrum Center
Miami @ Orlando,7:00 PM,Amway Center
Indiana @ Washington,7:00 PM,Capital One Arena
San Antonio @ Atlanta,7:30 PM,State Farm Arena
Utah @ New York,7:30 PM,Madison Square Garden
Chicago @ Cleveland,8:00 PM,Rocket Mortgage FieldHouse
LA Lakers @ Golden State,8:30 PM,Chase Center
Dallas @ Sacramento,10:00 PM,Golden 1 Center
Sun Feb 12,Time,Location
Memphis @ Boston,2:00 PM,TD Garden
Detroit @ Toronto,3:00 PM,Scotiabank Arena
Mon Feb 13,Time,Location
Houston @ Philadelphia,7:00 PM,Wells Fargo Center
Utah @ Indiana,7:00 PM,Gainbridge Fieldhouse
San Antonio @ Cleveland,7:00 PM,Rocket Mortgage FieldHouse
Atlanta @ Charlotte,7:00 PM,Spectrum Center
Denver @ Miami,7:30 PM,FTX Arena
Brooklyn @ New York,7:30 PM,Madison Square Garden
Orlando @ Chicago,8:00 PM,United Center
New Orleans @ Okla City,8:00 PM,Paycom Center
Minnesota @ Dallas,8:30 PM,American Airlines Center
LA Lakers @ Portland,10:00 PM,Moda Center
Washington @ Golden State,10:00 PM,Chase Center
Tue Feb 14,Time,Location
Orlando @ Toronto,7:30 PM,Scotiabank Arena
Boston @ Milwaukee,7:30 PM,Fiserv Forum
Sacramento @ Phoenix,9:00 PM,Footprint Center
Washington @ Portland,10:00 PM,Moda Center
Golden State @ LA Clippers,10:00 PM,Crypto.com Arena
Wed Feb 15,Time,Location
San Antonio @ Charlotte,7:00 PM,Spectrum Center
Chicago @ Indiana,7:00 PM,Gainbridge Fieldhouse
Cleveland @ Philadelphia,7:00 PM,Wells Fargo Center
New York @ Atlanta,7:30 PM,State Farm Arena
Detroit @ Boston,7:30 PM,TD Garden
Miami @ Brooklyn,7:30 PM,Barclays Center
Utah @ Memphis,8:00 PM,FedExForum
Houston @ Okla City,8:00 PM,Paycom Center
Dallas @ Denver,9:00 PM,Ball Arena
New Orleans @ LA Lakers,10:00 PM,Crypto.com Arena
Thu Feb 16,Time,Location
Milwaukee @ Chicago,7:30 PM,United Center
Washington @ Minnesota,8:00 PM,Target Center
LA Clippers @ Phoenix,10:00 PM,Footprint Center
Thu Feb 23,Time,Location
Denver @ Cleveland,7:00 PM,Rocket Mortgage FieldHouse
Boston @ Indiana,7:00 PM,Gainbridge Fieldhouse
Detroit @ Orlando,7:00 PM,Amway Center
Memphis @ Philadelphia,7:30 PM,Wells Fargo Center
New Orleans @ Toronto,7:30 PM,Scotiabank Arena
San Antonio @ Dallas,8:30 PM,American Airlines Center
Okla City @ Utah,9:00 PM,Vivint Arena
Golden State @ LA Lakers,10:00 PM,Crypto.com Arena
Portland @ Sacramento,10:00 PM,Golden 1 Center
Fri Feb 24,Time,Location
New York @ Washington,7:00 PM,Capital One Arena
Cleveland @ Atlanta,7:30 PM,State Farm Arena
Miami @ Milwaukee,7:30 PM,Fiserv Forum
Charlotte @ Minnesota,8:00 PM,Target Center
Okla City @ Phoenix,9:00 PM,Footprint Center
Brooklyn @ Chicago,10:00 PM,United Center
Houston @ Golden State,10:00 PM,Chase Center
Sacramento @ LA Clippers,10:30 PM,Crypto.com Arena
Sat Feb 25,Time,Location
Toronto @ Detroit,12:00 PM,Little Caesars Arena
Miami @ Charlotte,7:00 PM,Spectrum Center
Indiana @ Orlando,7:00 PM,Amway Center
New Orleans @ New York,7:30 PM,Madison Square Garden
Denver @ Memphis,8:00 PM,FedExForum
Boston @ Philadelphia,8:30 PM,Wells Fargo Center
San Antonio @ Utah,9:00 PM,Vivint Arena
Sun Feb 26,Time,Location
Phoenix @ Milwaukee,1:00 PM,Fiserv Forum
Brooklyn @ Atlanta,3:00 PM,State Farm Arena
Washington @ Chicago,3:30 PM,United Center
LA Lakers @ Dallas,3:30 PM,American Airlines Center
Toronto @ Cleveland,6:00 PM,Rocket Mortgage FieldHouse
Sacramento @ Okla City,7:00 PM,Paycom Center
Minnesota @ Golden State,7:30 PM,Chase Center
Houston @ Portland,9:00 PM,Moda Center
LA Clippers @ Denver,10:00 PM,Ball Arena
Mon Feb 27,Time,Location
Detroit @ Charlotte,7:00 PM,Spectrum Center
Miami @ Philadelphia,7:00 PM,Wells Fargo Center
Boston @ New York,7:30 PM,Madison Square Garden
Orlando @ New Orleans,8:00 PM,Smoothie King Center
Tue Feb 28,Time,Location
Washington @ Atlanta,7:30 PM,State Farm Arena
Milwaukee @ Brooklyn,7:30 PM,Barclays Center
Chicago @ Toronto,7:30 PM,Scotiabank Arena
Denver @ Houston,8:00 PM,Toyota Center
LA Lakers @ Memphis,8:00 PM,FedExForum
Sacramento @ Okla City,8:00 PM,Paycom Center
Indiana @ Dallas,8:30 PM,American Airlines Center
San Antonio @ Utah,9:00 PM,Vivint Arena
Portland @ Golden State,10:00 PM,Chase Center
Minnesota @ LA Clippers,10:00 PM,Crypto.com Arena
Wed Mar 1,Time,Location
Phoenix @ Charlotte,7:00 PM,Spectrum Center
Chicago @ Detroit,7:00 PM,Little Caesars Arena
Cleveland @ Boston,7:30 PM,TD Garden
Philadelphia @ Miami,7:30 PM,FTX Arena
Brooklyn @ New York,7:30 PM,Madison Square Garden
Memphis @ Houston,8:00 PM,Toyota Center
Orlando @ Milwaukee,8:00 PM,Fiserv Forum
LA Lakers @ Okla City,8:00 PM,Paycom Center
New Orleans @ Portland,10:00 PM,Moda Center
Thu Mar 2,Time,Location
Toronto @ Washington,7:00 PM,Capital One Arena
Philadelphia @ Dallas,7:30 PM,American Airlines Center
Indiana @ San Antonio,8:30 PM,AT&T Center
LA Clippers @ Golden State,10:00 PM,Chase Center
Fri Mar 3,Time,Location
Orlando @ Charlotte,7:00 PM,Spectrum Center
Portland @ Atlanta,7:30 PM,State Farm Arena
Brooklyn @ Boston,7:30 PM,TD Garden
New York @ Miami,8:00 PM,FTX Arena
Phoenix @ Chicago,8:00 PM,United Center
Utah @ Okla City,8:00 PM,Paycom Center
Memphis @ Denver,10:00 PM,Ball Arena
New Orleans @ Golden State,10:00 PM,Chase Center
LA Clippers @ Sacramento,10:00 PM,Golden 1 Center
Minnesota @ LA Lakers,10:30 PM,Crypto.com Arena
Sat Mar 4,Time,Location
Toronto @ Washington,5:00 PM,Capital One Arena
Detroit @ Cleveland,7:30 PM,Rocket Mortgage FieldHouse
Atlanta @ Miami,8:00 PM,FTX Arena
Houston @ San Antonio,8:00 PM,AT&T Center
Philadelphia @ Milwaukee,8:30 PM,Fiserv Forum
Minnesota @ Sacramento,10:00 PM,Golden 1 Center
Sun Mar 5,Time,Location
Phoenix @ Dallas,1:00 PM,American Airlines Center
Indiana @ Chicago,3:30 PM,United Center
Golden State @ LA Lakers,3:30 PM,Crypto.com Arena
Charlotte @ Brooklyn,6:00 PM,Barclays Center
Portland @ Orlando,6:00 PM,Amway Center
San Antonio @ Houston,7:00 PM,Toyota Center
Utah @ Okla City,7:00 PM,Paycom Center
New York @ Boston,7:30 PM,TD Garden
Memphis @ LA Clippers,10:00 PM,Crypto.com Arena
Mon Mar 6,Time,Location
Milwaukee @ Washington,7:00 PM,Capital One Arena
Philadelphia @ Indiana,7:00 PM,Gainbridge Fieldhouse
Boston @ Cleveland,7:00 PM,Rocket Mortgage FieldHouse
Atlanta @ Miami,7:30 PM,FTX Arena
Toronto @ Denver,9:00 PM,Ball Arena
New Orleans @ Sacramento,10:00 PM,Golden 1 Center
Tue Mar 7,Time,Location
Portland @ Detroit,7:00 PM,Little Caesars Arena
Milwaukee @ Orlando,7:00 PM,Amway Center
Charlotte @ New York,7:30 PM,Madison Square Garden
Philadelphia @ Minnesota,7:30 PM,Target Center
Brooklyn @ Houston,8:00 PM,Toyota Center
Golden State @ Okla City,8:00 PM,Paycom Center
Utah @ Dallas,8:30 PM,American Airlines Center
Memphis @ LA Lakers,10:00 PM,Crypto.com Arena
Wed Mar 8,Time,Location
Atlanta @ Washington,7:00 PM,Capital One Arena
Portland @ Boston,7:30 PM,TD Garden
Dallas @ New Orleans,7:30 PM,Smoothie King Center
Cleveland @ Miami,7:30 PM,FTX Arena
Okla City @ Phoenix,9:00 PM,Footprint Center
Chicago @ Denver,9:00 PM,Ball Arena
Toronto @ LA Clippers,10:00 PM,Crypto.com Arena
Thu Mar 9,Time,Location
Charlotte @ Detroit,7:00 PM,Little Caesars Arena
Houston @ Indiana,7:00 PM,Gainbridge Fieldhouse
Utah @ Orlando,7:00 PM,Amway Center
Brooklyn @ Milwaukee,7:30 PM,Fiserv Forum
Golden State @ Memphis,10:00 PM,FedExForum
New York @ Sacramento,10:00 PM,Golden 1 Center
Fri Mar 10,Time,Location
Portland @ Philadelphia,7:00 PM,Wells Fargo Center
Atlanta @ Washington,7:00 PM,Capital One Arena
Cleveland @ Miami,8:00 PM,FTX Arena
Brooklyn @ Minnesota,8:00 PM,Target Center
Denver @ San Antonio,8:00 PM,AT&T Center
Toronto @ LA Lakers,10:30 PM,Crypto.com Arena
Sat Mar 11,Time,Location
New York @ LA Clippers,4:00 PM,Crypto.com Arena
Miami @ Orlando,7:00 PM,Amway Center
Indiana @ Detroit,7:00 PM,Little Caesars Arena
Utah @ Charlotte,7:00 PM,Spectrum Center
Boston @ Atlanta,7:30 PM,State Farm Arena
Dallas @ Memphis,8:00 PM,FedExForum
Chicago @ Houston,8:00 PM,Toyota Center
Okla City @ New Orleans,8:30 PM,Smoothie King Center
Milwaukee @ Golden State,8:30 PM,Chase Center
Sacramento @ Phoenix,10:00 PM,Footprint Center
Sun Mar 12,Time,Location
Brooklyn @ Denver,3:30 PM,Ball Arena
Cleveland @ Charlotte,5:00 PM,Spectrum Center
Washington @ Philadelphia,6:00 PM,Wells Fargo Center
Okla City @ San Antonio,7:00 PM,AT&T Center
Portland @ New Orleans,7:00 PM,Smoothie King Center
New York @ LA Lakers,9:00 PM,Crypto.com Arena
Mon Mar 13,Time,Location
Indiana @ Detroit,7:00 PM,Little Caesars Arena
Memphis @ Dallas,7:30 PM,American Airlines Center
Utah @ Miami,7:30 PM,FTX Arena
Minnesota @ Atlanta,7:30 PM,State Farm Arena
Boston @ Houston,8:00 PM,Toyota Center
Milwaukee @ Sacramento,10:00 PM,Golden 1 Center
Phoenix @ Golden State,10:00 PM,Chase Center
Tue Mar 14,Time,Location
Cleveland @ Charlotte,7:00 PM,Spectrum Center
Detroit @ Washington,7:00 PM,Capital One Arena
Denver @ Toronto,7:30 PM,Scotiabank Arena
LA Lakers @ New Orleans,8:00 PM,Smoothie King Center
Brooklyn @ Okla City,8:00 PM,Paycom Center
Orlando @ San Antonio,8:00 PM,AT&T Center
Milwaukee @ Phoenix,10:00 PM,Footprint Center
New York @ Portland,10:00 PM,Moda Center
Wed Mar 15,Time,Location
Memphis @ Miami,7:30 PM,FTX Arena
Philadelphia @ Cleveland,7:30 PM,Rocket Mortgage FieldHouse
LA Lakers @ Houston,8:00 PM,Toyota Center
Sacramento @ Chicago,8:00 PM,United Center
Boston @ Minnesota,8:00 PM,Target Center
Dallas @ San Antonio,8:30 PM,AT&T Center
Golden State @ LA Clippers,10:00 PM,Crypto.com Arena
Thu Mar 16,Time,Location
Denver @ Detroit,7:00 PM,Little Caesars Arena
Sacramento @ Brooklyn,7:30 PM,Barclays Center
Okla City @ Toronto,7:30 PM,Scotiabank Arena
Indiana @ Milwaukee,8:00 PM,Fiserv Forum
Orlando @ Phoenix,10:00 PM,Footprint Center
Fri Mar 17,Time,Location
Philadelphia @ Charlotte,7:00 PM,Spectrum Center
Golden State @ Atlanta,7:30 PM,State Farm Arena
Washington @ Cleveland,7:30 PM,Rocket Mortgage FieldHouse
Memphis @ San Antonio,8:00 PM,AT&T Center
Minnesota @ Chicago,8:00 PM,United Center
New Orleans @ Houston,8:00 PM,Toyota Center
Boston @ Portland,10:00 PM,Moda Center
Dallas @ LA Lakers,10:30 PM,Crypto.com Arena
Sat Mar 18,Time,Location
Denver @ New York,1:00 PM,Madison Square Garden
Orlando @ LA Clippers,3:00 PM,Crypto.com Arena
Philadelphia @ Indiana,7:00 PM,Gainbridge Fieldhouse
Minnesota @ Toronto,7:00 PM,Scotiabank Arena
Sacramento @ Washington,8:00 PM,Capital One Arena
Miami @ Chicago,8:00 PM,United Center
Golden State @ Memphis,8:00 PM,FedExForum
Boston @ Utah,9:00 PM,Vivint Arena
Sun Mar 19,Time,Location
Denver @ Brooklyn,3:30 PM,Barclays Center
Phoenix @ Okla City,3:30 PM,Paycom Center
Atlanta @ San Antonio,4:00 PM,AT&T Center
Miami @ Detroit,6:00 PM,Little Caesars Arena
New Orleans @ Houston,7:00 PM,Toyota Center
Toronto @ Milwaukee,8:00 PM,Fiserv Forum
LA Clippers @ Portland,9:00 PM,Moda Center
Orlando @ LA Lakers,9:30 PM,Crypto.com Arena
Mon Mar 20,Time,Location
Chicago @ Philadelphia,7:00 PM,Wells Fargo Center
Indiana @ Charlotte,7:00 PM,Spectrum Center
Minnesota @ New York,7:30 PM,Madison Square Garden
Golden State @ Houston,8:00 PM,Toyota Center
Dallas @ Memphis,8:00 PM,FedExForum
Sacramento @ Utah,9:00 PM,Vivint Arena
Tue Mar 21,Time,Location
Washington @ Orlando,7:00 PM,Amway Center
Detroit @ Atlanta,7:30 PM,State Farm Arena
Cleveland @ Brooklyn,7:30 PM,Barclays Center
San Antonio @ New Orleans,8:00 PM,Smoothie King Center
Boston @ Sacramento,10:00 PM,Golden 1 Center
Okla City @ LA Clippers,10:30 PM,Crypto.com Arena
Wed Mar 22,Time,Location
Denver @ Washington,7:00 PM,Capital One Arena
New York @ Miami,7:30 PM,FTX Arena
Indiana @ Toronto,7:30 PM,Scotiabank Arena
Golden State @ Dallas,7:30 PM,American Airlines Center
Philadelphia @ Chicago,8:00 PM,United Center
Houston @ Memphis,8:00 PM,FedExForum
San Antonio @ Milwaukee,8:00 PM,Fiserv Forum
Atlanta @ Minnesota,8:00 PM,Target Center
Portland @ Utah,9:00 PM,Vivint Arena
Phoenix @ LA Lakers,10:00 PM,Crypto.com Arena
Thu Mar 23,Time,Location
New York @ Orlando,7:00 PM,Amway Center
Cleveland @ Brooklyn,7:30 PM,Barclays Center
Charlotte @ New Orleans,8:00 PM,Smoothie King Center
Okla City @ LA Clippers,10:30 PM,Crypto.com Arena
Fri Mar 24,Time,Location
San Antonio @ Washington,7:00 PM,Capital One Arena
Indiana @ Boston,7:00 PM,TD Garden
Detroit @ Toronto,7:30 PM,Scotiabank Arena
Houston @ Memphis,8:00 PM,FedExForum
Charlotte @ Dallas,8:30 PM,American Airlines Center
Milwaukee @ Utah,9:00 PM,Vivint Arena
Philadelphia @ Golden State,10:00 PM,Chase Center
Chicago @ Portland,10:00 PM,Moda Center
Phoenix @ Sacramento,10:00 PM,Golden 1 Center
Okla City @ LA Lakers,10:30 PM,Crypto.com Arena
Sat Mar 25,Time,Location
Indiana @ Atlanta,5:00 PM,State Farm Arena
Brooklyn @ Miami,8:00 PM,FTX Arena
Milwaukee @ Denver,9:00 PM,Ball Arena
Philadelphia @ Phoenix,10:00 PM,Footprint Center
Utah @ Sacramento,10:00 PM,Golden 1 Center
New Orleans @ LA Clippers,10:30 PM,Crypto.com Arena
Sun Mar 26,Time,Location
Dallas @ Charlotte,1:00 PM,Spectrum Center
Chicago @ LA Lakers,3:30 PM,Crypto.com Arena
Memphis @ Atlanta,6:00 PM,State Farm Arena
San Antonio @ Boston,6:00 PM,TD Garden
Washington @ Toronto,6:00 PM,Scotiabank Arena
Houston @ Cleveland,6:00 PM,Rocket Mortgage FieldHouse
Brooklyn @ Orlando,6:00 PM,Amway Center
Okla City @ Portland,7:00 PM,Moda Center
Minnesota @ Golden State,8:30 PM,Chase Center
Mon Mar 27,Time,Location
Dallas @ Indiana,7:00 PM,Gainbridge Fieldhouse
Milwaukee @ Detroit,7:00 PM,Little Caesars Arena
Houston @ New York,7:30 PM,Madison Square Garden
Phoenix @ Utah,9:00 PM,Vivint Arena
Philadelphia @ Denver,9:30 PM,Ball Arena
New Orleans @ Portland,10:00 PM,Moda Center
Minnesota @ Sacramento,10:00 PM,Golden 1 Center
Chicago @ LA Clippers,10:30 PM,Crypto.com Arena
Tue Mar 28,Time,Location
Boston @ Washington,7:00 PM,Capital One Arena
Miami @ Toronto,7:30 PM,Scotiabank Arena
Cleveland @ Atlanta,7:30 PM,State Farm Arena
Charlotte @ Okla City,8:00 PM,Paycom Center
Orlando @ Memphis,8:00 PM,FedExForum
New Orleans @ Golden State,10:00 PM,Chase Center
Wed Mar 29,Time,Location
Milwaukee @ Indiana,7:00 PM,Gainbridge Fieldhouse
Dallas @ Philadelphia,7:30 PM,Wells Fargo Center
Miami @ New York,7:30 PM,Madison Square Garden
Houston @ Brooklyn,7:30 PM,Barclays Center
LA Lakers @ Chicago,8:00 PM,United Center
Utah @ San Antonio,8:00 PM,AT&T Center
Detroit @ Okla City,8:00 PM,Paycom Center
LA Clippers @ Memphis,8:00 PM,FedExForum
Minnesota @ Phoenix,10:00 PM,Footprint Center
Sacramento @ Portland,10:00 PM,Moda Center
Thu Mar 30,Time,Location
Boston @ Milwaukee,7:30 PM,Fiserv Forum
New Orleans @ Denver,10:00 PM,Ball Arena
Fri Mar 31,Time,Location
Chicago @ Charlotte,7:00 PM,Spectrum Center
Okla City @ Indiana,7:00 PM,Gainbridge Fieldhouse
Orlando @ Washington,7:00 PM,Capital One Arena
Toronto @ Philadelphia,7:00 PM,Wells Fargo Center
New York @ Cleveland,7:30 PM,Rocket Mortgage FieldHouse
Utah @ Boston,7:30 PM,TD Garden
Atlanta @ Brooklyn,7:30 PM,Barclays Center
LA Clippers @ Memphis,8:00 PM,FedExForum
Detroit @ Houston,8:00 PM,Toyota Center
LA Lakers @ Minnesota,8:00 PM,Target Center
San Antonio @ Golden State,10:00 PM,Chase Center
Sacramento @ Portland,10:00 PM,Moda Center
Denver @ Phoenix,10:30 PM,Footprint Center
Sat Apr 1,Time,Location
Dallas @ Miami,7:30 PM,FTX Arena
LA Clippers @ New Orleans,8:30 PM,Smoothie King Center
Sun Apr 2,Time,Location
Toronto @ Charlotte,1:00 PM,Spectrum Center
Utah @ Brooklyn,3:30 PM,Barclays Center
Memphis @ Chicago,3:30 PM,United Center
Portland @ Minnesota,3:30 PM,Target Center
Dallas @ Atlanta,6:00 PM,State Farm Arena
Washington @ New York,6:00 PM,Madison Square Garden
Detroit @ Orlando,6:00 PM,Amway Center
San Antonio @ Sacramento,6:00 PM,Golden 1 Center
LA Lakers @ Houston,7:00 PM,Toyota Center
Phoenix @ Okla City,7:00 PM,Paycom Center
Indiana @ Cleveland,8:00 PM,Rocket Mortgage FieldHouse
Philadelphia @ Milwaukee,8:00 PM,Fiserv Forum
Golden State @ Denver,8:30 PM,Ball Arena
Tue Apr 4,Time,Location
Toronto @ Charlotte,7:00 PM,Spectrum Center
Miami @ Detroit,7:00 PM,Little Caesars Arena
Cleveland @ Orlando,7:00 PM,Amway Center
Milwaukee @ Washington,7:00 PM,Capital One Arena
Minnesota @ Brooklyn,7:30 PM,Barclays Center
Boston @ Philadelphia,8:00 PM,Wells Fargo Center
Atlanta @ Chicago,8:00 PM,United Center
Denver @ Houston,8:00 PM,Toyota Center
Portland @ Memphis,8:00 PM,FedExForum
Sacramento @ New Orleans,8:00 PM,Smoothie King Center
LA Lakers @ Utah,9:00 PM,Vivint Arena
Okla City @ Golden State,10:00 PM,Chase Center
San Antonio @ Phoenix,10:00 PM,Footprint Center
Wed Apr 5,Time,Location
Brooklyn @ Detroit,7:00 PM,Little Caesars Arena
New York @ Indiana,7:00 PM,Gainbridge Fieldhouse
Washington @ Atlanta,7:30 PM,State Farm Arena
Toronto @ Boston,7:30 PM,TD Garden
Chicago @ Milwaukee,7:30 PM,Fiserv Forum
Memphis @ New Orleans,8:00 PM,Smoothie King Center
Sacramento @ Dallas,8:30 PM,American Airlines Center
LA Lakers @ LA Clippers,10:00 PM,Crypto.com Arena
Thu Apr 6,Time,Location
Cleveland @ Orlando,7:00 PM,Amway Center
Miami @ Philadelphia,7:30 PM,Wells Fargo Center
Portland vs. San Antonio,8:00 PM,Moody Center
Okla City @ Utah,9:00 PM,Vivint Arena
Denver @ Phoenix,10:00 PM,Footprint Center
Fri Apr 7,Time,Location
Houston @ Charlotte,7:00 PM,Spectrum Center
Detroit @ Indiana,7:00 PM,Gainbridge Fieldhouse
Miami @ Washington,7:00 PM,Capital One Arena
Philadelphia @ Atlanta,7:30 PM,State Farm Arena
Toronto @ Boston,7:30 PM,TD Garden
Orlando @ Brooklyn,7:30 PM,Barclays Center
Memphis @ Milwaukee,8:00 PM,Fiserv Forum
New York @ New Orleans,8:00 PM,Smoothie King Center
Chicago @ Dallas,8:30 PM,American Airlines Center
Golden State @ Sacramento,10:00 PM,Golden 1 Center
Phoenix @ LA Lakers,10:30 PM,Crypto.com Arena
Sat Apr 8,Time,Location
Denver @ Utah,3:30 PM,Vivint Arena
Portland @ LA Clippers,4:00 PM,Crypto.com Arena
Minnesota vs. San Antonio,4:00 PM,Moody Center
Sun Apr 9,Time,Location
Atlanta @ Boston,1:00 PM,TD Garden
Philadelphia @ Brooklyn,1:00 PM,Barclays Center
Charlotte @ Cleveland,1:00 PM,Rocket Mortgage FieldHouse
Orlando @ Miami,1:00 PM,FTX Arena
Indiana @ New York,1:00 PM,Madison Square Garden
Milwaukee @ Toronto,1:00 PM,Scotiabank Arena
Houston @ Washington,1:00 PM,Capital One Arena
Detroit @ Chicago,1:00 PM,United Center
San Antonio @ Dallas,3:30 PM,American Airlines Center
New Orleans @ Minnesota,3:30 PM,Target Center
Memphis @ Okla City,3:30 PM,Paycom Center
Sacramento @ Denver,3:30 PM,Ball Arena
Utah @ LA Lakers,3:30 PM,Crypto.com Arena
LA Clippers @ Phoenix,3:30 PM,Footprint Center
Golden State @ Portland,3:30 PM,Moda Center
